{"cameraMode":{"drawMode":24,"name":"Light Overlap","section":"Baked Global Illumination"},"sceneLighting":true,"audioPlay":false,"sceneViewState":{"showFog":false,"showMaterialUpdate":false,"showSkybox":false,"showFlares":false,"showImageEffects":false,"showParticleSystems":false},"in2DMode":false,"pivot":{"x":10.104620933532715,"y":21.806238174438478,"z":53.83865737915039},"rotation":{"x":0.03775428608059883,"y":0.9263013005256653,"z":-0.36236900091171267,"w":0.0964888259768486},"size":54.39232635498047,"orthographic":false}