{"cameraMode":{"drawMode":24,"name":"Light Overlap","section":"Baked Global Illumination"},"sceneLighting":true,"audioPlay":false,"sceneViewState":{"showFog":false,"showMaterialUpdate":false,"showSkybox":false,"showFlares":false,"showImageEffects":false,"showParticleSystems":false},"in2DMode":false,"pivot":{"x":0.19999980926513673,"y":0.550000011920929,"z":42.79999923706055},"rotation":{"x":0.14908580482006074,"y":0.36839279532432558,"z":-0.05997911095619202,"w":0.9156808257102966},"size":8.130870819091797,"orthographic":false}