{"cameraMode":{"drawMode":24,"name":"Light Overlap","section":"Baked Global Illumination"},"sceneLighting":true,"audioPlay":false,"sceneViewState":{"showFog":false,"showMaterialUpdate":false,"showSkybox":false,"showFlares":false,"showImageEffects":false,"showParticleSystems":false},"in2DMode":false,"pivot":{"x":4.543290138244629,"y":6.208012580871582,"z":19.28333282470703},"rotation":{"x":0.05202067643404007,"y":0.455668181180954,"z":-0.02668704465031624,"w":0.8882277011871338},"size":23.640216827392579,"orthographic":false}