{"cameraMode":{"drawMode":24,"name":"Light Overlap","section":"Baked Global Illumination"},"sceneLighting":true,"audioPlay":false,"sceneViewState":{"showFog":false,"showMaterialUpdate":false,"showSkybox":false,"showFlares":false,"showImageEffects":false,"showParticleSystems":false},"in2DMode":false,"pivot":{"x":-52.769229888916019,"y":14.81725025177002,"z":-34.85442352294922},"rotation":{"x":0.09437195211648941,"y":0.42182257771492007,"z":-0.04419733211398125,"w":0.9006746411323547},"size":5.7157673835754398,"orthographic":false}