{"cameraMode":{"drawMode":24,"name":"Light Overlap","section":"Baked Global Illumination"},"sceneLighting":true,"audioPlay":false,"sceneViewState":{"showFog":false,"showMaterialUpdate":false,"showSkybox":false,"showFlares":false,"showImageEffects":false,"showParticleSystems":false},"in2DMode":false,"pivot":{"x":28.497835159301759,"y":-0.7416993975639343,"z":50.63250732421875},"rotation":{"x":0.10116533190011978,"y":0.28816166520118716,"z":-0.030629536136984826,"w":0.9517344832420349},"size":23.41181755065918,"orthographic":false}